"Record ID","Company name","Date of Last Account Review","Next Texting Renewal Date","CS Health","Red Flag Type","Date of Last POS Export","Create Date","Phone Number","Last Activity Date","City","Country/Region","Industry","Phone Provider","Account Status","Launch Date","Point of Sale","Company owner","Locations Pending","Account Type"
"31343563791","Vibe Organic Juice Bar","2026-03-23","2026-02-22","Good","","2025-12-08","2025-03-24 14:57"," +1 973-277-0307","2026-03-20 14:22","St Louis Park","US","","","Active","2025-03-27","Toast","Dallas Williams","","Account"
"26170836625","Zorba's Pizza Grill","2026-03-06","","Decent","","2024-11-27","2024-11-21 11:44"," +1 410-676-6300","2026-03-16 11:22","Edgewood","US","Restaurants","","Active","2024-12-02","FoodTec","Dallas Williams","","Account"
"22376509466","Pizza Machine","2026-03-03","2026-09-10","Activation","","","2024-07-08 14:01"," +1 954-437-3333","2026-03-12 09:02","Pembroke Pines","US","Restaurants","","Active","2025-09-29","HungerRush","Dallas Williams","","Account"
"35158331176","Fox's Pizza Den (Roaring Springs)","2026-03-02","","","","","2025-06-17 09:09"," +1 814-793-3366","2026-03-09 09:40","Roaring Spring","US","","","Active","","Arrow","Dallas Williams","","Account"
"33065220726","Salerno Pizza","2026-02-24","2026-07-10","Decent","","2025-11-11","2022-06-03 21:07"," +1 772-286-5505","2026-03-10 09:29","Stuart","US","Restaurants","","Active","2025-04-25","Toast","Dallas Williams","","Account"
"26622468009","Bambino's Pizza & Subs","2026-02-18","","Good","","","2024-12-05 11:46"," +1 419-535-8558","2026-02-18 09:51","Toledo","US","","","Active","2024-12-13","Shift4","Dallas Williams","","Account"
"35011194422","Fox's Pizza Den | Greg Scampone","2026-02-18","2026-04-04","Decent","","2024-09-11","2023-12-19 16:02"," +1 412-794-8317","2026-03-04 09:09","Oakmont","US","Computer Software","","Active","2023-12-22","Arrow","Dallas Williams","0.0","Account"
"33065219184","Neo Pizza","2026-02-18","","Good","","2025-11-26","2023-01-25 18:30"," +1 410-266-7771","2026-02-18 13:31","Annapolis","US","Leisure, Travel & Tourism","","Active","2025-02-03","Toast","Dallas Williams","","Account"
"30346627344","Mule Barn/Lonesome Spur","2026-02-12","2026-05-30","Great","","2025-12-09","2025-02-24 09:57"," +1 940-648-8406","2026-02-12 14:31","Justin","US","Restaurants","","Active","2025-03-14","Toast","Dallas Williams","0.0","Account"
"290745013946","Romeos Pizza Rootstown","2026-02-12","","Activation","","","2024-09-25 16:10"," +1 330-578-9050","2026-02-12 09:39","Rootstown","US","","","Active","2024-11-27","HungerRush","Dallas Williams","0.0","Account"
"33065223737","Italian Gardens","2026-02-06","","Decent","","2025-11-10","2022-10-06 17:03"," +1 410-821-0292","2026-03-16 08:49","Towson","US","Restaurants","","Active","2024-01-10","Toast","Dallas Williams","0.0","Account"
"191293775546","Rock n Roll Sushi Jonesboro","2026-02-04","","","","","2025-10-22 14:35","","2026-02-04 14:01","","","","","Active","","","Dallas Williams","","Account"
"35011193678","Fox's Pizza Den | Sidney Fritz","2026-02-04","","Decent","","2025-02-21","2023-12-05 10:36"," +1 870-268-9797","2026-02-07 10:27","Bono","US","Restaurants","Other","Active","2025-02-28","Arrow","Dallas Williams","0.0","Account"
"186201829107","Boludo","2026-02-03","","Activation","","","2025-10-16 08:27"," +1 612-353-5574","2026-01-27 08:57","Minneapolis","US","Media Production","","Active","2025-12-04","Toast","Dallas Williams","","Account"
"17956145238","Baby Jakes Pizza","2026-01-05","2026-04-16","Good","","2025-01-03","2023-11-06 12:23"," +1 810-412-5444","2026-01-05 08:51","Davison","US","Restaurants","","Active","2023-11-10","Heartland","Dallas Williams","0.0","Account"
"18845667916","The Original PJ's Pizza","2025-12-18","2026-06-18","Decent","","2025-01-26","2024-01-25 17:56"," +1 304-455-4655","2026-01-23 15:05","New Martinsville","US","Restaurants","","Active","2024-01-29","HungerRush","Dallas Williams","0.0","Account"
"35039459137","Fox's Pizza Den | Betty Walton","2025-12-15","2026-06-15","Good","","","2024-07-08 14:01"," +1 678-661-0220","2025-12-15 10:21","Bogart","US","Restaurants","","Active","2025-06-19","Arrow","Dallas Williams","",""
"33065221141","Lisa's Luna Pizza","2025-12-15","2026-07-30","Good","","2025-11-11","2022-07-15 08:20"," +1 860-651-1820","2026-01-06 08:21","Simsbury","US","Restaurants","","Active","2025-04-10","Toast","Dallas Williams","","Account"
"33054483007","Troup's Pizza LLC","2025-12-12","2026-07-30","Great","","2025-11-26","2025-05-06 13:36","2054227328","2026-03-24 10:50","","","","Spectrum","Active","2025-06-12","Toast","Dallas Williams","","Account"
"33070033558","Mozzarella di Bufala","2025-12-10","2027-01-08","Great","","2025-04-11","2020-01-13 14:28"," +1 415-661-8900","2026-01-28 15:41","San Francisco","US","Restaurants","","Active","2024-11-29","Toast","Dallas Williams","0.0","Account"
"7445771351","D'Al's Pizza | Greenville","2025-11-19","2026-04-22","Great","","2025-11-11","2021-12-09 12:50"," +1 864-252-4700","2026-01-29 11:51","Greenville","US","Restaurants","","Active","2021-12-17","Toast","Dallas Williams","0.0","Account"
"35039919920","Fox's Pizza Den | Jay Patel","2025-11-06","","Activation","","2025-06-09","2024-01-09 16:29"," +1 912-239-4419","2025-12-04 10:51","Savannah","US","","","Active","2025-08-14","Arrow","Dallas Williams","0.0","Account"
"34505503557","Angelo's Pizza and Pasta","2025-11-04","","Activation","","2025-11-26","2025-06-02 09:33"," +1 281-332-2404","2025-11-19 10:01","Webster","US","","Comcast","Active","2025-06-05","Toast","Dallas Williams","",""
"30789744929","Big City Pizza","2025-11-03","2026-07-22","Good","","2025-03-11","2025-03-07 12:26"," +1 859-554-7343","2026-03-13 09:10","Lexington","US","","","Active","2025-03-18","Thrive","Dallas Williams","","Account"
"34380791416","Napoli's Pizza Kitchen","2025-10-31","2026-05-19","Great","","2022-10-13","2020-01-13 14:28"," +1 818-909-0100","2026-03-23 08:57","Sherman Oaks","US","Restaurants","","Active","2021-04-01","Speedline","Dallas Williams","0.0","Account"
"34668508417","Hungry Howie's Orange City | Khoury Pizza LLC","2025-10-30","","Decent","","2025-04-02","2025-03-26 11:52"," +1 386-775-0550","2025-10-30 13:20","Orange City","US","","","Active","2025-04-11","HungerRush","Dallas Williams","","Account"
"2780116426","East of Chicago Pizza (Brunswick)","2025-10-27","","Activation","","","2020-01-03 09:41"," +1 330-220-7979","2026-03-20 13:08","Brunswick","US","Restaurants","","Active","2025-07-25","HungerRush","Dallas Williams","",""
"738863148","Zubs Subs","2025-10-24","2026-04-16","Decent","","2025-11-10","2018-03-19 13:12"," +1 801-489-9484","2025-10-15 15:31","Springville","US","Restaurants","Comcast","Active","2023-09-05","Toast","Dallas Williams","","Account"
"9667608401","Russo's | Greatwood","2025-10-22","","Decent","","2025-12-11","2022-09-26 11:17"," +1 281-494-1114","2026-01-15 14:21","Sugar Land","US","","","Active","2022-09-28","Toast","Dallas Williams","0.0","Account"
"8440011156","Antonio’s Pizza (5)*","2025-10-22","","Decent","","2022-08-25","2022-04-11 09:46","(401) 455-3600","2026-01-28 09:49","Amherst","United States","Restaurants","Cosper","Active","2022-04-27","FoodTec","Dallas Williams","2.0","Account"
"34994935933","Fox's Pizza Den | Hiram & Heather Jude","2025-10-16","","Activation","","2025-07-14","2025-06-12 13:41"," +1 269-979-9869","2025-10-16 15:49","Battle Creek","US","Restaurants","Other","Active","2025-07-16","Arrow","Dallas Williams","","Account"
"25607303058","Bella's Pizzeria","2025-10-16","","Decent","","2024-11-08","2024-11-07 13:55"," +1 405-676-8436","2025-11-13 15:21","Moore","US","","","Active","2024-11-14","Clover","Dallas Williams","","Account"
"19649045608","Jamestown Hospitality Group (Giordano's )","2025-10-16","2027-01-16","Great","","2026-02-10","2024-03-22 08:44"," +113026965652","2026-01-27 10:20","Wilmington","United States","Restaurants","","Active","2024-04-05","Toast","Dallas Williams","0.0","Account"
"34812622415","Oasis Diner","2025-10-14","2026-09-25","Activation","","2025-10-08","2025-06-08 19:05"," +1 317-837-7777","2025-10-14 09:02","Plainfield","US","","","Active","2025-07-17","Toast","Dallas Williams","","Account"
"36288277601","Fox's Pizza Den | Frank Mascara","2025-10-14","","Activation","","","2024-11-05 07:53"," +1 412-772-1757","2025-12-30 09:20","Pittsburgh","US","","","Active","2025-07-23","Arrow","Dallas Williams","","Account"
"8848460595","622 North","2025-10-09","","","","","2022-06-03 21:07"," +1 540-951-1022","2025-10-17 11:00","Blacksburg","US","Restaurants","","Active","2025-07-14","Toast","Dallas Williams","","Account"
"21805041178","Russo's New York Pizzeria  | Broken Arrow","2025-10-08","","Activation","","2025-07-23","2024-07-08 14:01"," +1 918-994-6776","2025-10-09 15:13","Broken Arrow","US","Restaurants","","Active","2025-07-24","Toast","Dallas Williams","","Account"
"35041480469","Fox's Pizza Den | Troy Weise","2025-10-02","2027-02-06","Decent","","","2023-11-13 16:28"," +1 423-230-0070","2026-03-19 12:49","Kingsport","US","","","Active","2023-11-16","HungerRush","Dallas Williams","0.0","Account"
"8848534133","India House of Utah","2025-10-02","2026-07-14","Good","","","2022-06-03 21:07"," +1 801-569-0550","2026-03-16 10:07","Sandy","US","Restaurants","","Active","2023-10-18","Aloha","Dallas Williams","0.0","Account"
"33048562496","Celestino's Pizza & Ristorante (PizzaHQ)","2025-10-01","2026-06-12","Good","","2026-02-10","2024-03-26 19:08","973-337-2000","2026-01-20 16:18","Woodland Park","United States","Restaurants","","Active","2024-03-29","Toast","Dallas Williams","0.0","Account"
"29679828080","B.C Pizza (Charlevoix)","2025-09-25","","Decent","","2025-02-12","2025-02-07 08:36"," +1 231-547-9999","2026-01-28 13:48","Charlevoix","US","Restaurants","","Active","2025-02-13","FoodTec","Dallas Williams","","Account"
"35011190319","Fox's Pizza Den | Scott Lane","2025-09-22","","Activation","","2025-06-18","2025-06-10 12:07"," +1 330-897-5004","2026-01-15 10:30","Baltic","US","","","Active","2025-06-19","Arrow","Dallas Williams","",""
"33750426662","Nick's Place | Raymond","2025-09-22","","Activation","","","2025-05-21 09:27"," +1 603-895-4114","2026-03-12 08:35","Raymond","US","","","Active","2025-07-01","Toast","Dallas Williams","",""
"28618519124","Romeos Pizza Apex NC","2025-09-16","","Activation","","2025-06-18","2025-01-16 08:44"," +1 919-355-2920","2026-02-09 09:28","Apex","US","Restaurants","","Active","2025-06-20","HungerRush","Dallas Williams","",""
"35254283358","Joe's Pizza (Jake Betts)","2025-09-15","2026-09-30","Activation","","","2025-06-20 14:04"," +1 636-224-2211","2025-10-21 13:25","Herculaneum","US","","","Active","2025-06-26","SpotOn","Dallas Williams","",""
"34217946666","Gaetano's Ristorante","2025-09-15","","Activation","","","2025-05-27 11:20","7023409351","2026-03-23 15:34","","","","","Active","2025-06-04","Skytab","Dallas Williams","",""
"35214013597","Fox's Pizza Den | Nicole and Carl","2025-09-11","","Activation","","2025-06-16","2025-06-12 09:28"," +1 724-588-2222","2025-10-27 13:41","Greenville","US","","","Active","2025-06-19","Arrow","Dallas Williams","",""
"35011194505","Fox's Pizza Den | Connor McBriar","2025-09-10","2026-03-26","Decent","","","2023-12-08 08:08"," +1 724-515-2237","2026-02-12 08:21","Irwin","US","","","Active","2023-12-12","Arrow","Dallas Williams","0.0","Account"
"35011722420","Fox's Pizza Den | Tammy Watson","2025-09-09","2026-05-13","Decent","","2025-02-26","2025-02-19 08:25"," +1 724-733-7888","2026-01-12 11:14","Murrysville","US","Restaurants","","Active","2025-02-27","Arrow","Dallas Williams","","Account"
"35038971936","Fox's Pizza Den | Michael Gray","2025-09-09","","Activation","","","2025-01-28 14:26"," +1 814-479-4411","2026-01-29 13:31","Davidsville","US","Restaurants","","Active","2025-06-30","Arrow","Dallas Williams","","Account"
"33065223744","Burke Street Pizza (Burke Street)","2025-09-09","","Activation","","2025-04-24","2024-07-08 14:01"," +1 336-721-0011","2026-02-25 10:48","Winston-Salem","US","Restaurants","Pizza Cloud","Active","2025-05-05","Toast","Dallas Williams","","Account"
"28858455844","New York To Go","2025-09-05","","Good","","2026-02-10","2025-01-22 11:12"," +1 701-751-0414","2026-03-13 12:05","Bismarck","US","Restaurants","","Active","2025-01-30","Toast","Dallas Williams","","Account"
"35039908141","Fox's Pizza Den | Boswell, Richland Twp, Roaring Springs","2025-09-04","","Activation","","","2024-12-18 13:51","8142444719","2026-02-25 10:10","","","","","Active","2025-06-17","Arrow","Dallas Williams","","Account"
"35158226549","Fox's Den Pizza | Samantha Serventi","2025-09-03","","Activation","","","2025-06-17 16:18"," +1 724-695-2211","2026-02-11 14:49","Imperial","US","","","Active","2025-06-20","Arrow","Dallas Williams","",""
"35041480560","Fox's Pizza Den | Sajjad Gul","2025-09-02","","Bad","","2024-09-13","2024-07-08 14:01"," +1 412-331-3131","2025-12-18 08:53","McKees Rocks","US","Consumer Goods","","Active","2024-09-16","Arrow","Dallas Williams","",""
"34282329613","Tryst Cafe (Phoenix and Chandler)","2025-08-26","2026-08-27","Activation","","2025-06-19","2025-05-27 11:46","602-689-7515","2026-03-05 13:59","Phoenix","","","","Active","2025-06-04","Toast","Dallas Williams","","Account"
"35038971151","Fox's Pizza Den | Theresa Krentz","2025-08-25","","Activation","","","2025-02-03 09:44"," +1 412-666-0400","2025-08-27 10:13","Monroeville","US","","","Active","2025-06-10","Arrow","Dallas Williams","","Account"
"25690616102","Deangelo's Italian Creole","2025-08-20","2027-02-04","Decent","","2024-12-01","2024-11-11 14:41"," +1 812-961-0008","2026-01-28 11:21","Bloomington","US","Restaurants","Other","Active","2024-11-13","Toast","Dallas Williams","0.0","Account"
"817289429","North Beach Pizza (6)","2025-08-20","","Decent","","2023-03-28","2018-05-23 17:03"," +1 415-751-2300","2025-10-10 11:31","San Francisco","US","Restaurants","","Active","2019-02-19","Square","Dallas Williams","0.0","Account"
"32425244593","The Eli Fish Brewing Co","2025-08-18","2026-08-21","Activation","","2025-12-08","2025-04-23 09:14"," +1 585-343-0008","2025-10-27 13:25","Batavia","US","","Verizon","Active","2025-05-29","Toast","Dallas Williams","","Account"
"277204601591","“Your” Pizza Shop","2025-08-12","2026-08-13","Good","Product Concern","2025-08-25","2018-04-28 23:37"," +1 727-581-1101","2026-02-10 08:24","Largo","US","Restaurants","","Active","2024-05-31","Toast","Dallas Williams","0.0","Account"
"35011722794","Fox's Pizza Den | Caressa Chapman","2025-08-06","","Decent","","2025-01-15","2025-01-15 13:36"," +1 304-269-3697","2025-08-27 10:11","Weston","US","","","Active","2025-01-22","Arrow","Dallas Williams","","Account"
"33023404306","Doctor Dogs","2025-08-06","2026-08-08","Activation","","2025-09-05","2024-07-08 14:01"," +1 630-980-5200","2026-01-30 15:25","Roselle","US","","AT&T","Active","2025-05-09","SpotOn","Dallas Williams","",""
"31169289336","Pizzeria Dolorosa","2025-08-01","","Great","","2025-12-08","2025-03-18 14:59"," +1 608-519-1836","2026-03-10 08:51","La Crosse","US","","","Active","2025-04-14","Toast","Dallas Williams","",""
"19192267836","Good Eats and Sips","2025-07-31","2026-07-19","Good","","2025-06-23","2024-02-22 12:04"," +1 315-291-7477","2025-11-07 11:35","Skaneateles","US","","","Active","2024-03-14","Toast","Dallas Williams","0.0",""
"33081479179","The Pizza Gene","2025-07-30","","Decent","","2025-11-26","2025-05-06 12:33"," +1 772-888-3338","2026-03-20 13:45","Stuart","US","","","Active","2025-05-08","Toast","Dallas Williams","",""
"32680946349","Wasserhund Brewing Company","2025-07-30","","Good","","2026-02-05","2025-04-28 12:09"," +1 757-351-1326","2026-02-05 14:31","Virginia Beach","US","","","Active","2025-05-07","Toast","Dallas Williams","","Account"
"34704978544","Hungry Howie's Pizza & Subs","2025-07-30","","Great","","","2025-04-07 11:45"," +1 813-870-6111","2025-08-27 10:21","Tampa","US","","","Active","2025-04-18","HungerRush","Dallas Williams","","Account"
"33065228425","Arturo's Pizza Kitchen","2025-07-29","2026-11-25","Good","","2024-11-04","2024-07-08 14:01"," +1 419-698-1641","2026-03-09 11:07","Northwood","US","Restaurants","","Active","2024-11-08","Microworks","Dallas Williams","","Account"
"33809807663","Pizza Pit Madison","2025-07-28","","Good","","","2025-05-21 16:53"," +1 608-222-5001","2025-12-04 18:52","Madison","US","","AT&T","Active","2025-06-12","HungerRush","Dallas Williams","",""
"31842769490","Westside Pizza (Corporate)","2025-07-25","","Good","","","2025-04-07 11:08"," +1 509-684-8254","2026-02-24 10:42","Colville","US","","","Active","2025-06-04","Revel","Dallas Williams","",""
"878898232","Fat Daddy's Pizzeria","2025-07-24","","Good","","2026-01-19","2018-08-03 10:37","8013774992","2026-03-04 13:41","Springville","United States","Restaurants","","Active","2022-02-02","Toast","Dallas Williams","0.0","Account"
"785509547","Glory Days Pizza","2025-07-24","2025-10-14","Good","","2024-06-26","2018-04-28 23:37"," +1 913-601-5656","2025-12-05 13:24","Shawnee","US","Restaurants","","Active","2023-10-20","HungerRush","Dallas Williams","0.0","Account"
"32057596315","Nicolo's Pizza","2025-07-23","","Activation","","2026-02-25","2025-04-15 12:13"," +1 303-969-9000","2025-08-27 10:03","Lakewood","US","","","Active","2025-04-18","Toast","Dallas Williams","","Account"
"22063776570","Wingnutz Buffalo","2025-07-23","2026-05-09","Great","","2025-08-30","2024-07-25 08:32","(716) 334-2599","2026-03-24 15:13","Buffalo","United States","Consumer Goods","Verizon","Active","2024-07-31","Toast","Dallas Williams","0.0","Account"
"33048563016","Town Hall Pizza","2025-07-22","2026-04-15","Good","","2025-06-20","2024-07-08 14:01"," +1 269-471-7754","2026-03-10 09:07","Berrien Springs","US","","","Active","2025-01-24","Toast","Dallas Williams","","Account"
"32736545706","Casa Bianca Pizza Pie","2025-07-21","","Activation","","2025-04-16","2025-04-28 17:10"," +1 323-256-9617","2025-10-27 13:37","Los Angeles","US","","","Active","2025-05-13","ChowNow","Dallas Williams","","Account"
"30991814761","Anthony Franco's Pizza","2025-07-21","2026-09-13","Decent","","","2021-04-23 11:16"," +1 973-729-6000","2026-03-17 08:27","Sparta","US","Restaurants","","Active","2024-12-10","Microworks","Dallas Williams","","Account"
"2825504167","Tony and albas pizza","2025-07-18","","Decent","","","2020-01-13 14:28"," +1 408-246-4605","2026-02-12 15:34","San Jose","US","Restaurants","","Active","2024-06-28","Clover","Dallas Williams","0.0","Account"
"31654462115","TJ's On The Avenue","2025-07-17","","Good","","2025-04-09","2025-04-02 09:26"," +1 440-953-5959","2026-02-03 13:56","Mentor","US","","Spectrum","Active","2025-04-14","Other","Dallas Williams","",""
"31260745056","Apricot Stone","2025-07-17","","Decent","","2025-03-27","2025-03-20 11:56"," +1 267-606-6596","2025-08-27 10:21","Philadelphia","US","","","Active","2025-03-31","Square","Dallas Williams","","Account"
"31614403505","Primo Brothers Pizza","2025-07-16","2026-08-02","Decent","","2025-04-02","2025-03-31 13:56"," +1 214-341-4414","2026-01-05 16:40","Dallas","US","","Pizza Cloud","Active","2025-04-04","HungerRush","Dallas Williams","","Account"
"30746160461","Pizza Dudes","2025-07-16","2026-09-24","Good","","2025-03-12","2025-03-06 14:33"," +1 425-282-4899","2026-02-02 16:20","Renton","US","Restaurants","Comcast","Active","2025-03-27","SpotOn","Dallas Williams","","Account"
"31669326449","CluckU of Red Bank","2025-07-15","","Decent","","2025-12-08","2025-04-02 09:54"," +1 732-530-2000","2026-03-23 12:00","Red Bank","US","","Comcast","Active","2025-04-28","Toast","Dallas Williams","","Account"
"30989802080","Ollies","2025-07-15","2026-06-19","Good","","2025-04-15","2025-03-12 10:09"," +1 212-868-6588","2026-03-12 10:07","New York","US","Restaurants","","Active","2025-04-17","","Dallas Williams","","Account"
"22855804442","Clinton Hometown Pizza","2025-07-09","2026-07-28","Great","","2025-03-11","2024-07-08 14:01"," +1 517-456-7477","2025-11-04 14:55","Clinton","US","Restaurants","","Active","2025-03-11","Speedline","Dallas Williams","0.0","Account"
"30633537976","B.C. Pizza McDonough","2025-07-07","","Decent","","2025-03-13","2025-03-04 08:39"," +1 678-583-1550","2025-07-07 08:31","McDonough","US","Restaurants","Pizza Cloud","Active","2025-03-12","HungerRush","Dallas Williams","","Account"
"18807287968","Riverfront Seafood Company","2025-07-07","2026-07-09","Good","","2025-07-07","2024-01-22 17:39"," +1 423-245-3474","2025-12-17 08:07","Kingsport","US","Restaurants","","Active","2024-01-31","Toast","Dallas Williams","0.0","Account"
"6805277096","McGregor Pizza & Deli","2025-07-07","","Good","","2024-01-10","2021-08-25 09:33"," +1 239-939-1148","2026-03-11 16:26","Fort Myers","US","Restaurants","","Active","2021-10-19","Microworks","Dallas Williams","0.0","Account"
"35011193635","Fox's Pizza Den | Tommy Wynkoop","2025-07-03","","Good","","2025-02-10","2025-02-04 11:29"," +1 724-733-7888","2026-03-24 08:09","Murrysville","US","Restaurants","Comcast","Active","2025-02-11","Arrow","Dallas Williams","","Account"
"30429925410","Ferro Pizzeria","2025-07-01","2026-07-12","Good","","2025-12-09","2025-02-26 10:33"," +1 954-722-3444","2026-03-12 15:40","Tamarac","US","Restaurants","AT&T","Active","2025-03-07","Toast","Dallas Williams","","Account"
"21383475264","Brooklyn Pizza & Pasta","2025-07-01","2026-07-25","Activation","","2025-07-21","2024-06-11 16:10"," +1 406-422-0801","2025-08-27 14:30","Helena","US","Restaurants","","Active","2024-06-14","Toast","Dallas Williams","0.0","Account"
"7410273431","JB Albertos Pizza","2025-07-01","2026-04-29","Good","","2025-07-01","2021-12-03 16:45"," +1 773-973-1700","2025-09-16 14:33","Chicago","US","Restaurants","","Active","2023-05-15","HungerRush","Dallas Williams","0.0","Account"
"31599448129","Sam’s Ristorante","2025-06-30","","Decent","","2025-09-17","2025-03-31 09:39"," +1 815-877-2127","2026-03-04 14:26","Rockford","US","","Comcast","Active","2025-04-04","Toast","Dallas Williams","0.0","Account"
"35011722804","Fox's Pizza Den | Seth Righi","2025-06-30","2026-12-30","Great","","2024-12-03","2024-10-28 09:57"," +1 423-926-0065","2026-02-05 13:51","Johnson City","US","Restaurants","","Active","2024-11-04","Clover","Dallas Williams","","Account"
"23956829719","DeFelice Bros Pizza (Weirton)","2025-06-30","2026-04-30","Good","","2025-09-02","2024-10-18 10:53"," +1 304-527-4992","2025-08-29 08:25","Follansbee","US","Restaurants","","Active","2024-10-29","HungerRush","Dallas Williams","3.0","Account"
"9166351664","Russo's | Woodlands, Conroe","2025-06-30","","Good","Low Redemptions; Product Concern","2023-12-01","2022-07-19 10:38","(936) 273-6060","2026-01-15 14:21","Tomball","","","","Active","2022-07-22","HungerRush","Dallas Williams","0.0","Account"
"30666123108","Nonna Bella's","2025-06-26","","Good","","2025-04-03","2025-03-04 14:36"," +1 631-669-1250","2026-03-11 08:05","North Babylon","US","Restaurants","Optimum","Active","2025-04-07","FoodTec","Dallas Williams","","Account"
"18684466022","Coastal Cafe and Creamery","2025-06-26","2026-08-22","Good","","2024-07-22","2024-01-11 09:27"," +1 864-349-1935","2026-01-14 15:39","Piedmont","US","Restaurants","","Active","2024-01-16","Skytab","Dallas Williams","0.0","Account"
"18999793966","Russo's | New Caney","2025-06-25","","Great","","2025-12-09","2024-02-06 15:45"," +1 281-354-4815","2025-08-05 13:42","New Caney","US","Restaurants","","Active","2024-02-12","Toast","Dallas Williams","0.0","Account"
"18884933509","Joe’s Meat Market","2025-06-25","2026-05-16","Good","","2024-01-29","2024-01-29 14:30"," +1 732-356-4557","2025-08-27 10:20","South Bound Brook","US","Retail","","Active","2024-01-30","Aldelo","Dallas Williams","0.0","Account"
"9744207534","Russo's | Pearland","2025-06-25","2026-06-23","Good","","2025-12-11","2022-10-05 10:58"," +1 281-272-6898","2026-02-05 09:11","Pearland","US","Restaurants","Comcast","Active","2022-10-06","Toast","Dallas Williams","","Account"
"8848534194","Guthries","2025-06-25","2026-06-25","Great","","","2022-06-03 21:07","(205) 349-2222","2026-03-25 09:39","Tuscaloosa","United States","Restaurants","","Active","2025-04-04","Other","Dallas Williams","","Account"
"33065424551","Mancino's Pizza (New Castle)","2025-06-24","","Activation","","2025-05-08","2025-05-06 09:41"," +1 765-529-8868","2026-02-02 11:40","New Castle","US","","","Active","2025-06-20","Rezku","Dallas Williams","",""
"30664877686","McDaniel's QN2 BBQ","2025-06-24","2026-03-04","Decent","","2025-03-05","2025-03-04 13:16","(404) 725-7100","2026-03-24 09:20","Alpharetta","United States","Restaurants","Other","Active","2025-03-06","Clover","Dallas Williams","","Account"
"30263537528","Sidelines Sports Bar","2025-06-24","","Good","","2025-04-08","2025-02-20 09:09"," +1 856-825-1667","2025-10-14 09:30","Millville","US","","","Active","2025-03-06","Toast","Dallas Williams","","Account"
"32127391567","Peppino's Restaurant and Catering","2025-06-23","2026-04-16","Good","","2025-12-08","2025-04-18 13:08"," +1 315-474-3663","2025-12-11 12:52","Syracuse","US","","","Active","2025-04-22","Toast","Dallas Williams","","Account"
"30910929728","Romeo's Pizza (Elizabeth City)","2025-06-23","2026-05-05","Great","","2025-03-12","2025-03-10 14:31","(252) 254-1599","2026-02-26 11:14","Elizabeth City","United States","Restaurants","Pizza Cloud","Active","2025-03-14","HungerRush","Dallas Williams","","Account"
"19683469129","Jamestown Hospitality Group (Park Cafe | Jamestown Catering)","2025-06-23","2027-01-16","Great","","2026-02-10","2024-03-25 11:09"," +113026965652","2026-01-27 10:20","Wilmington","","","","Active","2024-06-19","Toast","Dallas Williams","0.0","Account"
"253096400625","Fox's Pizza Den | Chris Rearick","2025-06-20","2026-07-19","Decent","","2024-10-22","2023-12-11 09:42"," +1 724-639-0388","2025-11-24 14:01","Saltsburg","US","Restaurants","","Active","2024-01-12","Arrow","Dallas Williams","4.0","Account"
"35041480995","Fox's Pizza Den | Derrick","2025-06-19","","Activation","","2025-03-03","2024-07-08 14:01"," +1 412-381-9300","2026-03-10 09:35","Pittsburgh","US","Restaurants","Verizon","Active","2025-03-07","Microworks","Dallas Williams","","Account"
"19420392592","Fox's Pizza Den | Michael Kumanchik","2025-06-19","2026-07-19","Decent","","2024-07-15","2024-03-07 15:36"," +1 724-698-7342","2026-01-14 09:28","New Castle","US","Restaurants","","Active","2024-03-14","Arrow","Dallas Williams","0.0","Account"
"19008569723","Jesse's Pizza Co","2025-06-17","","Bad","","2024-02-09","2024-02-07 08:10","(806) 274-7200","2026-02-03 15:20","Borger","United States","Restaurants","","Active","2024-02-09","Other","Dallas Williams","0.0","Account"
"28843099785","Romeos Pizza (Wake Forest)","2025-06-16","2026-04-28","Good","","2025-03-10","2025-01-21 11:54"," +1 984-401-0006","2025-12-22 11:26","Wake Forest","US","Restaurants","Pizza Cloud","Active","2025-03-11","HungerRush","Dallas Williams","","Account"
"19306411907","Detroit Pizza Factory Store #2 (Near Van Born Rd)","2025-06-16","2026-06-16","Decent","","2024-03-07","2024-02-29 15:41"," +1 313-484-2100","2025-11-11 09:30","Dearborn Heights","US","","Pizza Cloud","Active","2024-03-15","HungerRush","Dallas Williams","0.0","Account"
"19306411407","Detroit Pizza Factory","2025-06-16","2026-06-16","Decent","","2024-03-07","2024-02-29 15:28"," +1 313-278-3355","2026-03-24 13:43","Dearborn Heights","US","Restaurants","Pizza Cloud","Active","2024-03-15","HungerRush","Dallas Williams","0.0","Account"
"31266770586","Burma 2 / Burma Bay Cafe","2025-06-13","","Great","","2025-12-08","2025-03-21 17:12"," +1 925-261-8580","2025-11-24 14:02","Walnut Creek","US","","","Active","2025-05-05","Toast","Dallas Williams","","Account"
"31411974188","Milano's Pizza Of Niles","2025-06-12","2026-06-12","Great","","2025-12-08","2025-03-26 08:43"," +1 269-684-2732","2026-02-05 16:01","Niles","US","","","Active","2025-04-15","Toast","Dallas Williams","","Account"
"35141238022","Mountain Mike's Pizza | Bains","2025-06-11","2026-05-19","Good","","2025-02-21","2025-02-19 17:16"," +1 949-200-7932","2026-03-24 16:00","Newport Beach","US","Restaurants","Comcast","Active","2025-03-05","Adora","Dallas Williams","","Account"
"21623227787","Pizza Pie On The Fly","2025-06-11","2026-06-17","Decent","","2026-03-02","2024-06-26 23:58"," +1 701-651-6732","2026-03-13 12:00","Watford City","US","","","Active","2024-06-28","Toast","Dallas Williams","0.0","Account"
"34442195978","Broadway Pizzeria South","2025-06-11","2026-07-18","Good","","2024-08-07","2022-06-03 21:06"," +1 205-722-1047","2025-11-21 13:34","Tuscaloosa","US","Restaurants","","Active","2024-04-08","HungerRush","Dallas Williams","1.0","Account"
"10528655278","East of Chicago Pizza | Bridgeport","2025-06-10","2026-11-09","Great","","2024-07-29","2023-01-03 12:24"," +1 304-848-9980","2026-02-23 10:18","Bridgeport","US","Restaurants","Other","Active","2023-01-06","HungerRush","Dallas Williams","1.0",""
"35043109003","Mountain Mike's Pizza Folsom","2025-06-09","2026-04-18","Decent","Billing Concern","2025-06-09","2025-03-05 14:54","(916) 817-1207","2026-03-23 13:11","Oakland","United States","Restaurants","","Active","2025-03-13","Adora","Dallas Williams","","Account"
"29663443231","Colarusso's Coal-Fired Pizza","2025-06-09","2026-05-20","Activation","","2026-01-19","2025-02-06 14:01"," +1 570-489-2627","2026-02-20 14:31","Dickson City","US","Restaurants","","Active","2025-02-19","Toast","Dallas Williams","","Account"
"28568813630","Coop's Pizza","2025-06-09","2026-05-10","Good","","2025-11-26","2025-01-14 11:56"," +1 715-634-3027","2025-12-29 12:38","Hayward","US","Restaurants","","Active","2025-03-07","Toast","Dallas Williams","","Account"
"9972390792","Heirloom Pizza Co.","2025-06-05","2026-06-05","Decent","","2025-11-10","2022-11-03 18:30"," +1 831-717-4363","2026-02-20 14:24","Monterey","US","Restaurants","","Active","2024-02-21","Toast","Dallas Williams","0.0","Account"
"23759451572","Hurricane Pizza Grill","2025-05-28","2026-08-01","Good","","2025-11-26","2024-10-10 09:13"," +1 717-684-6000","2025-08-27 11:33","Columbia","US","Restaurants","Other","Active","2024-10-22","Toast","Dallas Williams","","Account"
"31411140739","Stadium Pepz Pizza & Eatery","2025-05-23","","Good","","2025-12-08","2025-03-25 20:05"," +1 714-991-9900","2026-03-10 10:36","Anaheim","US","","Spectrum","Active","2025-04-11","Toast","Dallas Williams","","Account"
"14795838559","East of Chicago | Warren","2025-03-03","2026-03-05","Decent","","2023-02-27","2023-02-23 15:20"," +1 260-375-2000","2026-03-09 09:20","Warren","US","Restaurants","","Active","2023-03-06","HungerRush","Dallas Williams","0.0","Account"
"33065220505","Il Capo Pizzeria","2025-02-20","2026-06-05","Great","","2025-03-24","2020-01-13 14:28"," +1 480-951-0077","2025-08-01 10:43","Scottsdale","US","Restaurants","","Active","2021-07-02","Toast","Dallas Williams","0.0","Account"
"16400523331","Brasi's Pizzeria","2025-02-11","2027-02-11","Great","","2026-02-10","2023-07-12 13:24"," +1 630-852-8989","2026-02-17 09:01","Lisle","US","Restaurants","","Active","2023-07-14","Toast","Dallas Williams","0.0","Account"
"2780129750","Leona's","2025-02-05","2026-08-21","Decent","","2026-03-19","2020-01-03 09:41","(773) 843-0050","2025-08-27 10:23","Chicago","United States","Restaurants","","Active","2024-03-29","Toast","Dallas Williams","0.0","Account"
"19683469479","Jamestown Hospitality (Group Deep Blue at Kitty Knight)","2025-01-14","2027-01-16","Great","","2026-02-10","2024-03-25 11:15"," +113026965652","2026-01-27 10:20","Galena","","","","Active","2024-04-25","Toast","Dallas Williams","0.0","Account"
"19683363187","Jamestown Hospitality Group ( Tonic Seafood and Steak)","2025-01-14","2027-01-16","Activation","","2026-02-10","2024-03-25 10:58"," +113026965652","2026-01-27 10:20","Wilmington","","","","Active","2024-04-16","Toast","Dallas Williams","","Account"
"23438670606","Stone Mountain Pizza Cafe","2025-01-07","2027-01-07","Decent","","2026-02-25","2024-09-30 10:56"," +1 770-413-6717","2025-08-27 10:04","Stone Mountain","US","Consumer Services","","Active","2024-10-08","Toast","Dallas Williams","","Account"
"2780124808","Romeo's Pizza (Jeff)","2024-11-05","","Bad","","2024-04-01","2020-01-03 09:47","(614) 527-0044","2026-03-20 16:02","Medina","United States","Restaurants","","Active","2024-04-05","HungerRush","Dallas Williams","0.0","Account"
"21546658394","Frank's Pizza","2024-10-21","","Decent","","2024-06-27","2024-06-21 22:18"," +1 201-651-0900","2025-07-17 07:38","Oakland","US","","","Active","2024-06-28","Peacan","Dallas Williams","0.0","Account"
"9697416559","Payne's Pizza","2024-09-18","2026-09-18","Decent","","2025-11-26","2022-09-29 17:03"," +1 740-363-9040","2025-11-18 08:35","Delaware","US","","","Active","2023-10-20","Toast","Dallas Williams","1.0","Account"
"16791305500","Zulu Grille","2024-07-30","","Decent","","2025-11-26","2023-08-01 10:18"," +1 801-901-6492","2025-07-29 10:31","Lehi","US","","","Active","2023-08-04","Toast","Dallas Williams","0.0","Account"
"8848430239","Maestro’s Pizza","2024-07-18","2026-07-24","Decent","","2025-11-11","2022-06-03 21:07"," +1 269-372-2222","2025-07-14 11:30","Kalamazoo","US","Restaurants","AT&T","Active","2023-10-25","Toast","Dallas Williams","0.0","Account"
"8848440191","Lenzini’s 241 Pizza","2024-01-22","","Great","","2023-08-31","2022-06-03 21:08"," +1 310-742-6109","2025-08-27 10:24","Los Angeles","US","Restaurants","","Active","2023-09-08","SelbySoft","Dallas Williams","0.0","Account"
"9620776292","Ricobene's","2022-10-20","","Decent","Not Responsive","2022-09-30","2022-09-19 10:43"," +1 312-225-5555","2025-08-27 10:17","Chicago","US","Restaurants","","Active","2022-10-14","Toast","Dallas Williams","0.0","Account"
"2825497011","D'Al's Pizza | Charleston","2022-06-06","2026-03-04","Good","","2026-01-19","2020-01-13 14:28"," +1 843-853-6337","2026-01-29 11:51","Charleston","US","Restaurants","","Active","","Toast","Dallas Williams","0.0","Account"
"251519106759","The Underground Laugh Lounge","","","","","","2026-01-05 11:21","5743208291","2026-02-17 10:02","Niles","United States","Hospitality","","Active","","","Dallas Williams","","Account"
"37315203682","Cottonwood Creek Brewery","","","","","","2025-08-05 09:53","","2025-11-07 12:36","","","","","Active","","","Dallas Williams","",""
"188054948595","Phil Sandoval's Mexican Restaurante","","","Activation","","","2025-07-10 14:22"," +1 205-834-8265","2025-10-21 14:23","Hoover","US","","","Active","2025-07-24","Toast","Dallas Williams","","Account"
"34901869957","Spiro's Port Orchard","","","Activation","","2026-02-10","2025-06-10 12:58"," +1 360-876-9000","2025-10-29 13:30","Port Orchard","US","","","Active","2025-06-26","Toast","Dallas Williams","",""
"35039919728","Fox's Pizza Den (Bridgette Vandevere)","","","Activation","","","2025-06-03 08:33"," +1 318-435-2277","2025-10-28 10:01","Winnsboro","US","","","Active","2025-06-16","","Dallas Williams","","Account"
"30253146655","Kazu Sushi Burrito | 4600 Tropea Way","","","Activation","","","2025-02-20 10:23"," +1 904-219-7766","2026-01-26 09:13","Jacksonville","US","Restaurants","","Active","2025-10-17","Toast","Dallas Williams","","Account"
"28854941755","Sals Pizza | Corporate","","","Activation","","","2025-01-21 13:58"," +1 978-671-9393","2025-10-01 13:24","North Billerica","US","Restaurants","","Active","2025-01-24","Toast","Dallas Williams","","Account"
"35041273684","Fox's Pizza Den | John Clemens","","","Activation","","","2025-01-14 10:34"," +1 724-463-8500","2026-02-19 06:55","Indiana","US","Restaurants","","Active","2025-08-29","Arrow","Dallas Williams","0.0","Account"
"25030104749","Local Beer, Patio and Kitchen","","2026-08-07","Activation","","","2024-10-22 15:01"," +1 402-991-8852","2025-11-14 10:18","Omaha","US","Restaurants","","Active","2025-08-11","Toast","Dallas Williams","","Account"
"35011194698","Fox's Pizza Den | Jessica Davis","","","Decent","","","2023-12-05 13:55"," +1 318-495-3315","2025-12-15 14:41","Olla","US","Restaurants","","Active","2023-12-08","Arrow","Dallas Williams","0.0","Account"
"186920771287","The Good Pizza","","2026-09-02","Activation","","2025-09-16","2023-03-01 09:55"," +1 310-827-0500","2025-12-05 13:30","Playa Del Rey","US","Restaurants","Spectrum","Active","2025-09-17","Touch Bistro","Dallas Williams","","Account"
"35011194923","Fox's Pizza Den | Michelle Bell","","","Good","","","2019-11-13 11:47"," +1 318-728-3130","2025-09-15 11:04","Rayville","US","","","Active","2025-06-18","Arrow","Dallas Williams","",""
